#,Nome Skill,Dominio,Sottodominio,Cosa Fa,Stelle SkillsMP,Aggiornamento,Autore,Da Tenere?,Note
1,integrate-context-matic,DEV ENGINEERING,API Integration,'Discovers and integrates third-party APIs using the context-matic MCP server. Uses `fetch_api` to find available API SD,,,,,
2,paypal-integration,DEV ENGINEERING,API Integration,"Integrate PayPal payment processing with support for express checkout, subscriptions, and refund management. Use when im",,,,,
3,stripe-integration,DEV ENGINEERING,API Integration,"Implement Stripe payment processing for robust, PCI-compliant payment flows including checkout, subscriptions, and webho",,,,,
4,backtesting-frameworks,DEV ENGINEERING,Altro,"Build robust backtesting systems for trading strategies with proper handling of look-ahead bias, survivorship bias, and ",,,,,
5,api-design-principles,DEV ENGINEERING,Backend Framework,"Master REST and GraphQL API design principles to build intuitive, scalable, and maintainable APIs that delight developer",,,,,
6,aspnet-minimal-api-openapi,DEV ENGINEERING,Backend Framework,'Create ASP.NET Minimal API endpoints with proper OpenAPI documentation',,,,,
7,cqrs-implementation,DEV ENGINEERING,Backend Framework,Implement Command Query Responsibility Segregation for scalable architectures. Use when separating read and write models,,,,,
8,create-spring-boot-java-project,DEV ENGINEERING,Backend Framework,'Create Spring Boot Java Project Skeleton',,,,,
9,create-spring-boot-kotlin-project,DEV ENGINEERING,Backend Framework,'Create Spring Boot Kotlin Project Skeleton',,,,,
10,dotnet-backend-patterns,DEV ENGINEERING,Backend Framework,"Master C#/.NET backend development patterns for building robust APIs, MCP servers, and enterprise applications. Covers a",,,,,
11,event-store-design,DEV ENGINEERING,Backend Framework,"Design and implement event stores for event-sourced systems. Use when building event sourcing infrastructure, choosing e",,,,,
12,fastapi-templates,DEV ENGINEERING,Backend Framework,"Create production-ready FastAPI projects with async patterns, dependency injection, and comprehensive error handling. Us",,,,,
13,java-refactoring-extract-method,DEV ENGINEERING,Backend Framework,'Refactoring using Extract Methods in Java Language',,,,,
14,java-refactoring-remove-parameter,DEV ENGINEERING,Backend Framework,'Refactoring using Remove Parameter in Java Language',,,,,
15,java-springboot,DEV ENGINEERING,Backend Framework,'Get best practices for developing applications with Spring Boot.',,,,,
16,kotlin-springboot,DEV ENGINEERING,Backend Framework,'Get best practices for developing applications with Spring Boot and Kotlin.',,,,,
17,microservices-patterns,DEV ENGINEERING,Backend Framework,"Design microservices architectures with service boundaries, event-driven communication, and resilience patterns. Use whe",,,,,
18,nodejs-backend-patterns,DEV ENGINEERING,Backend Framework,"Build production-ready Node.js backend services with Express/Fastify, implementing middleware patterns, error handling, ",,,,,
19,openapi-spec-generation,DEV ENGINEERING,Backend Framework,"Generate and maintain OpenAPI 3.1 specifications from code, design-first specs, and validation patterns. Use when creati",,,,,
20,openapi-to-application-code,DEV ENGINEERING,Backend Framework,"'Generate a complete, production-ready application from an OpenAPI specification'",,,,,
21,projection-patterns,DEV ENGINEERING,Backend Framework,"Build read models and projections from event streams. Use when implementing CQRS read sides, building materialized views",,,,,
22,saga-orchestration,DEV ENGINEERING,Backend Framework,Implement saga patterns for distributed transactions and cross-aggregate workflows. Use this skill when implementing dis,,,,,
23,building-native-ui,DEV ENGINEERING,Expo/React Native,"Complete guide for building beautiful apps with Expo Router. Covers fundamentals, styling, components, navigation, anima",,,,,
24,expo-api-routes,DEV ENGINEERING,Expo/React Native,Guidelines for creating API routes in Expo Router with EAS Hosting,,,,,
25,expo-cicd-workflows,DEV ENGINEERING,Expo/React Native,Helps understand and write EAS workflow YAML files for Expo projects. Use this skill when the user asks about CI/CD or w,,,,,
26,expo-deployment,DEV ENGINEERING,Expo/React Native,"Deploying Expo apps to iOS App Store, Android Play Store, web hosting, and API routes",,,,,
27,expo-dev-client,DEV ENGINEERING,Expo/React Native,Build and distribute Expo development clients locally or via TestFlight,,,,,
28,expo-module,DEV ENGINEERING,Expo/React Native,"Guide for writing Expo native modules and views using the Expo Modules API (Swift, Kotlin, TypeScript). Covers module de",,,,,
29,expo-tailwind-setup,DEV ENGINEERING,Expo/React Native,Set up Tailwind CSS v4 in Expo with react-native-css and NativeWind v5 for universal styling,,,,,
30,java-add-graalvm-native-image-support,DEV ENGINEERING,Expo/React Native,"'GraalVM Native Image expert that adds native image support to Java applications, builds the project, analyzes build err",,,,,
31,native-data-fetching,DEV ENGINEERING,Expo/React Native,"Use when implementing or debugging ANY network request, API call, or data fetching. Covers fetch API, React Query, SWR, ",,,,,
32,upgrading-expo,DEV ENGINEERING,Expo/React Native,Guidelines for upgrading Expo SDK versions and fixing dependency issues,,,,,
33,use-dom,DEV ENGINEERING,Expo/React Native,Use Expo DOM components to run web code in a webview on native and as-is on web. Migrate web code to native incrementall,,,,,
34,vercel-react-native-skills,DEV ENGINEERING,Expo/React Native,React Native and Expo best practices for building performant mobile apps. Use,,,,,
35,e2e-testing-patterns,DEV ENGINEERING,Frontend Framework,"Master end-to-end testing with Playwright and Cypress to build reliable test suites that catch bugs, improve confidence,",,,,,
36,next-best-practices,DEV ENGINEERING,Frontend Framework,"Next.js best practices - file conventions, RSC boundaries, data patterns, async APIs, metadata, error handling, route ha",,,,,
37,next-cache-components,DEV ENGINEERING,Frontend Framework,"Next.js 16 Cache Components - PPR, use cache directive, cacheLife, cacheTag, updateTag",,,,,
38,next-intl-add-language,DEV ENGINEERING,Frontend Framework,'Add new language to a Next.js + next-intl application',,,,,
39,next-upgrade,DEV ENGINEERING,Frontend Framework,Upgrade Next.js to the latest version following official migration guides and codemods,,,,,
40,nextjs-app-router-patterns,DEV ENGINEERING,Frontend Framework,"Master Next.js 14+ App Router with Server Components, streaming, parallel routes, and advanced data fetching. Use when b",,,,,
41,premium-frontend-ui,DEV ENGINEERING,Frontend Framework,"'A comprehensive guide for GitHub Copilot to craft immersive, high-performance web experiences with advanced motion, typ",,,,,
42,react-modernization,DEV ENGINEERING,Frontend Framework,"Upgrade React applications to latest versions, migrate from class components to hooks, and adopt concurrent features. Us",,,,,
43,react-native-architecture,DEV ENGINEERING,Frontend Framework,"Build production React Native apps with Expo, navigation, native modules, offline sync, and cross-platform patterns. Use",,,,,
44,react-native-design,DEV ENGINEERING,Frontend Framework,"Master React Native styling, navigation, and Reanimated animations for cross-platform mobile development. Use when build",,,,,
45,react-state-management,DEV ENGINEERING,Frontend Framework,"Master modern React state management with Redux Toolkit, Zustand, Jotai, and React Query. Use when setting up global sta",,,,,
46,shadcn,DEV ENGINEERING,Frontend Framework,"Manages shadcn components and projects — adding, searching, fixing, debugging, styling, and composing UI. Provides proje",,,,,
47,vue-best-practices,DEV ENGINEERING,Frontend Framework,MUST be used for Vue.js tasks. Strongly recommends Composition API with `<script setup>` and TypeScript as the standard ,,,,,
48,vue-debug-guides,DEV ENGINEERING,Frontend Framework,"Vue 3 debugging and error handling for runtime errors, warnings, async failures, and SSR/hydration issues. Use when diag",,,,,
49,vue-jsx-best-practices,DEV ENGINEERING,Frontend Framework,"JSX syntax in Vue (e.g., class vs className, JSX plugin config).",,,,,
50,vue-options-api-best-practices,DEV ENGINEERING,Frontend Framework,"Vue 3 Options API style (data(), methods, this context). Each reference shows Options API solution only.",,,,,
51,vue-pinia-best-practices,DEV ENGINEERING,Frontend Framework,"Pinia stores, state management patterns, store setup, and reactivity with stores.",,,,,
52,vue-router-best-practices,DEV ENGINEERING,Frontend Framework,"Vue Router 4 patterns, navigation guards, route params, and route-component lifecycle interactions.",,,,,
53,web-coder,DEV ENGINEERING,Frontend Framework,"'Expert 10x engineer with comprehensive knowledge of web development, internet protocols, and web standards. Use when wo",,,,,
54,web-component-design,DEV ENGINEERING,Frontend Framework,"Master React, Vue, and Svelte component patterns including CSS-in-JS, composition strategies, and reusable component arc",,,,,
55,async-python-patterns,DEV ENGINEERING,Linguaggi & Pattern,"Master Python asyncio, concurrent programming, and async/await patterns for high-performance applications. Use when buil",,,,,
56,auth-implementation-patterns,DEV ENGINEERING,Linguaggi & Pattern,"Master authentication and authorization patterns including JWT, OAuth2, session management, and RBAC to build secure, sc",,,,,
57,better-auth-security-best-practices,DEV ENGINEERING,Linguaggi & Pattern,"Configure rate limiting, manage auth secrets, set up CSRF protection, define trusted origins, secure sessions and cookie",,,,,
58,cloud-design-patterns,DEV ENGINEERING,Linguaggi & Pattern,"'Cloud design patterns for distributed systems architecture covering 42 industry-standard patterns across reliability, p",,,,,
59,csharp-async,DEV ENGINEERING,Linguaggi & Pattern,'Get best practices for C# async programming',,,,,
60,error-handling-patterns,DEV ENGINEERING,Linguaggi & Pattern,"Master error handling patterns across languages including exceptions, Result types, error propagation, and graceful degr",,,,,
61,go-concurrency-patterns,DEV ENGINEERING,Linguaggi & Pattern,"Master Go concurrency with goroutines, channels, sync primitives, and context. Use when building concurrent Go applicati",,,,,
62,memory-safety-patterns,DEV ENGINEERING,Linguaggi & Pattern,"Implement memory-safe programming with RAII, ownership, smart pointers, and resource management across Rust, C++, and C.",,,,,
63,modern-javascript-patterns,DEV ENGINEERING,Linguaggi & Pattern,"Master ES6+ features including async/await, destructuring, spread operators, arrow functions, promises, modules, iterato",,,,,
64,python-anti-patterns,DEV ENGINEERING,Linguaggi & Pattern,"Use this skill when reviewing Python code for common anti-patterns to avoid. Use as a checklist when reviewing code, bef",,,,,
65,python-background-jobs,DEV ENGINEERING,Linguaggi & Pattern,"Python background job patterns including task queues, workers, and event-driven architecture. Use when implementing asyn",,,,,
66,python-code-style,DEV ENGINEERING,Linguaggi & Pattern,"Python code style, linting, formatting, naming conventions, and documentation standards. Use when writing new code, revi",,,,,
67,python-configuration,DEV ENGINEERING,Linguaggi & Pattern,"Python configuration management via environment variables and typed settings. Use when externalizing config, setting up ",,,,,
68,python-design-patterns,DEV ENGINEERING,Linguaggi & Pattern,"Python design patterns including KISS, Separation of Concerns, Single Responsibility, and composition over inheritance. ",,,,,
69,python-error-handling,DEV ENGINEERING,Linguaggi & Pattern,"Python error handling patterns including input validation, exception hierarchies, and partial failure handling. Use when",,,,,
70,python-observability,DEV ENGINEERING,Linguaggi & Pattern,"Python observability patterns including structured logging, metrics, and distributed tracing. Use when adding logging, i",,,,,
71,python-packaging,DEV ENGINEERING,Linguaggi & Pattern,"Create distributable Python packages with proper project structure, setup.py/pyproject.toml, and publishing to PyPI. Use",,,,,
72,python-performance-optimization,DEV ENGINEERING,Linguaggi & Pattern,"Profile and optimize Python code using cProfile, memory profilers, and performance best practices. Use when debugging sl",,,,,
73,python-project-structure,DEV ENGINEERING,Linguaggi & Pattern,"Python project organization, module architecture, and public API design. Use when setting up new projects, organizing mo",,,,,
74,python-pypi-package-builder,DEV ENGINEERING,Linguaggi & Pattern,"'End-to-end skill for building, testing, linting, versioning, and publishing a production-grade Python library to PyPI. ",,,,,
75,python-resilience,DEV ENGINEERING,Linguaggi & Pattern,"Python resilience patterns including automatic retries, exponential backoff, timeouts, and fault-tolerant decorators. Us",,,,,
76,python-resource-management,DEV ENGINEERING,Linguaggi & Pattern,"Python resource management with context managers, cleanup patterns, and streaming. Use when managing connections, file h",,,,,
77,python-type-safety,DEV ENGINEERING,Linguaggi & Pattern,"Python type safety with type hints, generics, protocols, and strict type checking. Use when adding type annotations, imp",,,,,
78,rust-async-patterns,DEV ENGINEERING,Linguaggi & Pattern,"Master Rust async programming with Tokio, async traits, error handling, and concurrent patterns. Use when building async",,,,,
79,typescript-advanced-types,DEV ENGINEERING,Linguaggi & Pattern,"Master TypeScript's advanced type system including generics, conditional types, mapped types, template literals, and uti",,,,,
80,csharp-mcp-server-generator,DEV ENGINEERING,MCP Server Gen,"'Generate a complete MCP server project in C# with tools, prompts, and proper configuration'",,,,,
81,go-mcp-server-generator,DEV ENGINEERING,MCP Server Gen,"'Generate a complete Go MCP server project with proper structure, dependencies, and implementation using the official gi",,,,,
82,java-mcp-server-generator,DEV ENGINEERING,MCP Server Gen,'Generate a complete Model Context Protocol server project in Java using the official MCP Java SDK with reactive streams,,,,,
83,kotlin-mcp-server-generator,DEV ENGINEERING,MCP Server Gen,"'Generate a complete Kotlin MCP server project with proper structure, dependencies, and implementation using the officia",,,,,
84,mcp-builder,DEV ENGINEERING,MCP Server Gen,Guide for creating high-quality MCP (Model Context Protocol) servers that enable LLMs to interact with external services,,,,,
85,mcp-cli,DEV ENGINEERING,MCP Server Gen,"Interface for MCP (Model Context Protocol) servers via CLI. Use when you need to interact with external tools, APIs, or ",,,,,
86,mcp-copilot-studio-server-generator,DEV ENGINEERING,MCP Server Gen,'Generate a complete MCP server implementation optimized for Copilot Studio integration with proper schema constraints a,,,,,
87,mcp-security-audit,DEV ENGINEERING,MCP Server Gen,|,,,,,
88,php-mcp-server-generator,DEV ENGINEERING,MCP Server Gen,"'Generate a complete PHP Model Context Protocol server project with tools, resources, prompts, and tests using the offic",,,,,
89,python-mcp-server-generator,DEV ENGINEERING,MCP Server Gen,"'Generate a complete MCP server project in Python with tools, resources, and proper configuration'",,,,,
90,ruby-mcp-server-generator,DEV ENGINEERING,MCP Server Gen,Code review for #{language} with focus on #{focus},,,,,
91,rust-mcp-server-generator,DEV ENGINEERING,MCP Server Gen,"'Generate a complete Rust Model Context Protocol server project with tools, prompts, resources, and tests using the offi",,,,,
92,swift-mcp-server-generator,DEV ENGINEERING,MCP Server Gen,Generate a greeting message,,,,,
93,typescript-mcp-server-generator,DEV ENGINEERING,MCP Server Gen,"'Generate a complete MCP server project in TypeScript with tools, resources, and proper configuration'",,,,,
94,angular-migration,DEV ENGINEERING,Migrazioni,"Migrate from AngularJS to Angular using hybrid mode, incremental component rewriting, and dependency injection updates. ",,,,,
95,database-migration,DEV ENGINEERING,Migrazioni,"Execute database migrations across ORMs and platforms with zero-downtime strategies, data transformation, and rollback p",,,,,
96,dependency-upgrade,DEV ENGINEERING,Migrazioni,"Manage major dependency version upgrades with compatibility analysis, staged rollout, and comprehensive testing. Use whe",,,,,
97,dotnet-upgrade,DEV ENGINEERING,Migrazioni,'Ready-to-use prompts for comprehensive .NET framework upgrade analysis and execution',,,,,
98,react-audit-grep-patterns,DEV ENGINEERING,Migrazioni,"'Provides the complete, verified grep scan command library for auditing React codebases before a React 18.3.1 or React 1",,,,,
99,react18-batching-patterns,DEV ENGINEERING,Migrazioni,'Provides exact patterns for diagnosing and fixing automatic batching regressions in React 18 class components. Use this,,,,,
100,react18-dep-compatibility,DEV ENGINEERING,Migrazioni,'React 18.3.1 and React 19 dependency compatibility matrix.',,,,,
101,react18-enzyme-to-rtl,DEV ENGINEERING,Migrazioni,'Provides exact Enzyme → React Testing Library migration patterns for React 18 upgrades. Use this skill whenever Enzyme ,,,,,
102,react18-legacy-context,DEV ENGINEERING,Migrazioni,"'Provides the complete migration pattern for React legacy context API (contextTypes, childContextTypes, getChildContext)",,,,,
103,react18-lifecycle-patterns,DEV ENGINEERING,Migrazioni,'Provides exact before/after migration patterns for the three unsafe class component lifecycle methods - componentWillMo,,,,,
104,react18-string-refs,DEV ENGINEERING,Migrazioni,"'Provides exact migration patterns for React string refs (ref=""name"" + this.refs.name) to React.createRef() in class com",,,,,
105,react19-concurrent-patterns,DEV ENGINEERING,Migrazioni,"'Preserve React 18 concurrent patterns and adopt React 19 APIs (useTransition, useDeferredValue, Suspense, use(), useOpt",,,,,
106,react19-source-patterns,DEV ENGINEERING,Migrazioni,"'Reference for React 19 source-file migration patterns, including API changes, ref handling, and context updates.'",,,,,
107,react19-test-patterns,DEV ENGINEERING,Migrazioni,"'Provides before/after patterns for migrating test files to React 19 compatibility, including act() imports, Simulate re",,,,,
108,bazel-build-optimization,DEV ENGINEERING,Monorepo & Build,"Optimize Bazel builds for large-scale monorepos. Use when configuring Bazel, implementing remote execution, or optimizin",,,,,
109,monorepo-management,DEV ENGINEERING,Monorepo & Build,"Master monorepo management with Turborepo, Nx, and pnpm workspaces to build efficient, scalable multi-package repositori",,,,,
110,multi-stage-dockerfile,DEV ENGINEERING,Monorepo & Build,'Create optimized multi-stage Dockerfiles for any language or framework',,,,,
111,nx-workspace-patterns,DEV ENGINEERING,Monorepo & Build,"Configure and optimize Nx monorepo workspaces. Use when setting up Nx, configuring project boundaries, optimizing build ",,,,,
112,turborepo,DEV ENGINEERING,Monorepo & Build,|,,,,,
113,turborepo-caching,DEV ENGINEERING,Monorepo & Build,"Configure Turborepo for efficient monorepo builds with local and remote caching. Use when setting up Turborepo, optimizi",,,,,
114,containerize-aspnet-framework,SYSTEMS & OPS,Deploy,'Containerize an ASP.NET .NET Framework project by creating Dockerfile and .dockerfile files customized for the project.,,,,,
115,containerize-aspnetcore,SYSTEMS & OPS,Deploy,'Containerize an ASP.NET Core project by creating Dockerfile and .dockerfile files customized for the project.',,,,,
116,deploy-to-vercel,SYSTEMS & OPS,Deploy,"Deploy applications and websites to Vercel. Use when the user requests deployment actions like ""deploy my app"", ""deploy ",,,,,
117,publish-to-pages,SYSTEMS & OPS,Deploy,"'Publish presentations and web content to GitHub Pages. Converts PPTX, PDF, HTML, or Google Slides to a live GitHub Page",,,,,
118,vercel-cli-with-tokens,SYSTEMS & OPS,Deploy,Deploy and manage projects on Vercel using token-based authentication. Use when working with Vercel CLI using access tok,,,,,
119,arch-linux-triage,SYSTEMS & OPS,Linux Distro,"'Triage and resolve Arch Linux issues with pacman, systemd, and rolling-release best practices.'",,,,,
120,centos-linux-triage,SYSTEMS & OPS,Linux Distro,"'Triage and resolve CentOS issues using RHEL-compatible tooling, SELinux-aware practices, and firewalld.'",,,,,
121,debian-linux-triage,SYSTEMS & OPS,Linux Distro,"'Triage and resolve Debian Linux issues with apt, systemd, and AppArmor-aware guidance.'",,,,,
122,fedora-linux-triage,SYSTEMS & OPS,Linux Distro,"'Triage and resolve Fedora issues with dnf, systemd, and SELinux-aware guidance.'",,,,,
123,geofeed-tuner,SYSTEMS & OPS,Networking,>,,,,,
124,bash-defensive-patterns,SYSTEMS & OPS,Scripting,"Master defensive Bash programming techniques for production-grade scripts. Use when writing robust shell scripts, CI/CD ",,,,,
125,bats-testing-patterns,SYSTEMS & OPS,Scripting,Master Bash Automated Testing System (Bats) for comprehensive shell script testing. Use when writing tests for shell scr,,,,,
126,shellcheck-configuration,SYSTEMS & OPS,Scripting,Master ShellCheck static analysis configuration and usage for shell script quality. Use when setting up linting infrastr,,,,,
127,uv-package-manager,SYSTEMS & OPS,Scripting,"Master the uv package manager for fast Python dependency management, virtual environments, and modern Python project wor",,,,,
128,employment-contract-templates,BUSINESS & FINANCE,Legal/HR,"Create employment contracts, offer letters, and HR policy documents following legal best practices. Use when drafting em",,,,,
129,internal-comms,BUSINESS & FINANCE,Legal/HR,"A set of resources to help me write all kinds of internal communications, using the formats that my company likes to use",,,,,
130,team-composition-analysis,BUSINESS & FINANCE,Startup,"Design optimal team structures, hiring plans, compensation strategies, and equity allocation for early-stage startups fr",,,,,
131,remember-interactive-programming,CRAFT AGENT META,Altro,'A micro-prompt that reminds the agent that it is an interactive programmer. Works great in Clojure when Copilot has acc,,,,,
132,skillsmp-checker,CRAFT AGENT META,Altro,"Verifica e confronta skill locali con SkillsMP.com. Usa i tools del source skillsmp per cercare skill aggiornate, confro",,,,,
133,from-the-other-side-vega,CRAFT AGENT META,Memory & Handoff,"'Patterns and lived experience from Vega, an AI partner in a deep long-term partnership. For Ember to draw on when worki",,,,,
134,memory-merger,CRAFT AGENT META,Memory & Handoff,'Merges mature lessons from a domain memory file into its instruction file. Syntax: `/memory-merger >domain [scope]` whe,,,,,
135,remember,CRAFT AGENT META,Memory & Handoff,'Transforms lessons learned into domain-organized memory instructions (global or workspace). Syntax: `/remember [>domain,,,,,
136,dispatching-parallel-agents,CRAFT AGENT META,Multi-Agent,Use when facing 2+ independent tasks that can be worked on without shared state or sequential dependencies,,,,,
137,parallel-feature-development,CRAFT AGENT META,Multi-Agent,"Coordinate parallel feature development with file ownership strategies, conflict avoidance rules, and integration patter",,,,,
138,structured-autonomy-generate,CRAFT AGENT META,Multi-Agent,'Structured Autonomy Implementation Generator Prompt',,,,,
139,structured-autonomy-implement,CRAFT AGENT META,Multi-Agent,'Structured Autonomy Implementation Prompt',,,,,
140,structured-autonomy-plan,CRAFT AGENT META,Multi-Agent,'Structured Autonomy Planning Prompt',,,,,
141,subagent-driven-development,CRAFT AGENT META,Multi-Agent,Use when executing implementation plans with independent tasks in the current session,,,,,
142,task-coordination-strategies,CRAFT AGENT META,Multi-Agent,"Decompose complex tasks, design dependency graphs, and coordinate multi-agent work with proper task descriptions and wor",,,,,
143,team-communication-protocols,CRAFT AGENT META,Multi-Agent,"Structured messaging protocols for agent team communication including message type selection, plan approval, shutdown pr",,,,,
144,team-composition-patterns,CRAFT AGENT META,Multi-Agent,"Design optimal agent team compositions with sizing heuristics, preset configurations, and agent type selection. Use this",,,,,
145,copilot-instructions-blueprint-generator,CRAFT AGENT META,Prompt Engineering,'Technology-agnostic blueprint generator for creating comprehensive copilot-instructions.md files that guide GitHub Copi,,,,,
146,create-agentsmd,CRAFT AGENT META,Prompt Engineering,'Prompt for generating an AGENTS.md file for a repository',,,,,
147,finalize-agent-prompt,CRAFT AGENT META,Prompt Engineering,'Finalize prompt file using the role of an AI agent to polish the prompt for the end user.',,,,,
148,prompt-builder,CRAFT AGENT META,Prompt Engineering,"[Clear, concise description from requirements]",,,,,
149,evaluation-methodology,CRAFT AGENT META,Skill Management,"PluginEval quality methodology — dimensions, rubrics, statistical methods, and scoring formulas. Use this skill when und",,,,,
150,find-skills,CRAFT AGENT META,Skill Management,"Helps users discover and install agent skills when they ask questions like ""how do I do X"", ""find a skill for X"", ""is th",,,,,
151,make-skill-template,CRAFT AGENT META,Skill Management,"'Create new Agent Skills for GitHub Copilot from prompts or by duplicating this template. Use when asked to ""create a sk",,,,,
152,microsoft-skill-creator,CRAFT AGENT META,Skill Management,Create agent skills for Microsoft technologies using Learn MCP tools. Use when users want to create a skill that teaches,,,,,
153,skill-creator,CRAFT AGENT META,Skill Management,"Create new skills, modify and improve existing skills, and measure skill performance. Use when users want to create a sk",,,,,
154,skills-cli,CRAFT AGENT META,Skill Management,"Use when users ask to discover, install, list, check, update, remove, back up, restore, sync, or initialize Agent Skills",,,,,
155,suggest-awesome-github-copilot-agents,CRAFT AGENT META,Skill Management,'Suggest relevant GitHub Copilot Custom Agents files from the awesome-copilot repository based on current repository con,,,,,
156,suggest-awesome-github-copilot-instructions,CRAFT AGENT META,Skill Management,'Suggest relevant GitHub Copilot instruction files from the awesome-copilot repository based on current repository conte,,,,,
157,suggest-awesome-github-copilot-skills,CRAFT AGENT META,Skill Management,'Suggest relevant GitHub Copilot skills from the awesome-copilot repository based on current repository context and chat,,,,,
158,writing-skills,CRAFT AGENT META,Skill Management,"Use when creating new skills, editing existing skills, or verifying skills work before deployment",,,,,
159,code-review-excellence,CRAFT AGENT META,Verification,"Master effective code review practices to provide constructive feedback, catch bugs early, and foster knowledge sharing ",,,,,
160,doublecheck,CRAFT AGENT META,Verification,"'Three-layer verification pipeline for AI output. Extracts verifiable claims, finds supporting or contradicting sources ",,,,,
161,multi-reviewer-patterns,CRAFT AGENT META,Verification,"Coordinate parallel code reviews across multiple quality dimensions with finding deduplication, severity calibration, an",,,,,
162,parallel-debugging,CRAFT AGENT META,Verification,"Debug complex issues using competing hypotheses with parallel investigation, evidence collection, and root cause arbitra",,,,,
163,receiving-code-review,CRAFT AGENT META,Verification,"Use when receiving code review feedback, before implementing suggestions, especially if feedback seems unclear or techni",,,,,
164,requesting-code-review,CRAFT AGENT META,Verification,"Use when completing tasks, implementing major features, or before merging to verify work meets requirements",,,,,
165,review-and-refactor,CRAFT AGENT META,Verification,'Review and refactor code in your project according to defined instructions',,,,,
166,systematic-debugging,CRAFT AGENT META,Verification,"Use when encountering any bug, test failure, or unexpected behavior, before proposing fixes",,,,,
167,verification-before-completion,CRAFT AGENT META,Verification,"Use when about to claim work is complete, fixed, or passing, before committing or creating PRs - requires running verifi",,,,,
168,playwright-automation-fill-in-form,TESTING & QA,E2E & Browser,'Automate filling in a form using Playwright MCP',,,,,
169,playwright-explore-website,TESTING & QA,E2E & Browser,'Website exploration for testing using Playwright MCP',,,,,
170,playwright-generate-test,TESTING & QA,E2E & Browser,'Generate a Playwright test based on a scenario using Playwright MCP',,,,,
171,scoutqa-test,TESTING & QA,E2E & Browser,"'This skill should be used when the user asks to ""test this website"", ""run exploratory testing"", ""check for accessibilit",,,,,
172,webapp-testing,TESTING & QA,E2E & Browser,Toolkit for interacting with and testing local web applications using Playwright. Supports verifying frontend functional,,,,,
173,polyglot-test-agent,TESTING & QA,Polyglot/Specialized,"'Generates comprehensive, workable unit tests for any programming language using a multi-agent pipeline. Use when asked ",,,,,
174,quality-playbook,TESTING & QA,Quality,"Explore any codebase from scratch and generate six quality artifacts: a quality constitution (QUALITY.md), spec-traced f",,,,,
175,ruff-recursive-fix,TESTING & QA,Quality,"Run Ruff checks with optional scope and rule overrides, apply safe and unsafe autofixes iteratively, review each change,",,,,,
176,csharp-mstest,TESTING & QA,Testing Frameworks,"'Get best practices for MSTest 3.x/4.x unit testing, including modern assertion APIs and data-driven tests'",,,,,
177,csharp-nunit,TESTING & QA,Testing Frameworks,"'Get best practices for NUnit unit testing, including data-driven tests'",,,,,
178,csharp-tunit,TESTING & QA,Testing Frameworks,"'Get best practices for TUnit unit testing, including data-driven tests'",,,,,
179,csharp-xunit,TESTING & QA,Testing Frameworks,"'Get best practices for XUnit unit testing, including data-driven tests'",,,,,
180,java-junit,TESTING & QA,Testing Frameworks,"'Get best practices for JUnit 5 unit testing, including data-driven tests'",,,,,
181,javascript-testing-patterns,TESTING & QA,Testing Frameworks,"Implement comprehensive testing strategies using Jest, Vitest, and Testing Library for unit tests, integration tests, an",,,,,
182,javascript-typescript-jest,TESTING & QA,Testing Frameworks,"'Best practices for writing JavaScript/TypeScript tests using Jest, including mocking strategies, test structure, and co",,,,,
183,pytest-coverage,TESTING & QA,Testing Frameworks,"'Run pytest tests with coverage, discover lines missing coverage, and increase coverage to 100%.'",,,,,
184,python-testing-patterns,TESTING & QA,Testing Frameworks,"Implement comprehensive testing strategies with pytest, fixtures, mocking, and test-driven development. Use when writing",,,,,
185,spring-boot-testing,TESTING & QA,Testing Frameworks,Expert Spring Boot 4 testing specialist that selects the best Spring Boot testing techniques for your situation with Jun,,,,,
186,unit-test-vue-pinia,TESTING & QA,Testing Frameworks,'Write and review unit tests for Vue 3 + TypeScript + Vitest + Pinia codebases. Use when creating or updating tests for ,,,,,
187,vue-testing-best-practices,TESTING & QA,Testing Frameworks,"Use for Vue.js testing. Covers Vitest, Vue Test Utils, component testing, mocking, testing patterns, and Playwright for ",,,,,
188,better-auth-best-practices,SPECIALIZED,Better Auth,"Configure Better Auth server and client, set up database adapters, manage sessions, add plugins, and handle environment ",,,,,
189,create-auth-skill,SPECIALIZED,Better Auth,"Scaffold and implement authentication in TypeScript/JavaScript apps using Better Auth. Detect frameworks, configure data",,,,,
190,email-and-password-best-practices,SPECIALIZED,Better Auth,"Configure email verification, implement password reset flows, set password policies, and customise hashing algorithms fo",,,,,
191,organization-best-practices,SPECIALIZED,Better Auth,"Configure multi-tenant organizations, manage members and invitations, define custom roles and permissions, set up teams,",,,,,
192,two-factor-authentication-best-practices,SPECIALIZED,Better Auth,"Configure TOTP authenticator apps, send OTP codes via email/SMS, manage backup codes, handle trusted devices, and implem",,,,,
193,convex-create-component,SPECIALIZED,Convex,"Designs and builds Convex components with isolated tables, clear boundaries, and app-facing wrappers. Use this skill whe",,,,,
194,convex-migration-helper,SPECIALIZED,Convex,Plans and executes safe Convex schema and data migrations using the widen-migrate-narrow workflow and the @convex-dev/mi,,,,,
195,convex-performance-audit,SPECIALIZED,Convex,"Audits and optimizes Convex application performance across hot-path reads, write contention, subscription cost, and func",,,,,
196,convex-quickstart,SPECIALIZED,Convex,Initializes a new Convex project from scratch or adds Convex to an existing app. Use this skill when starting a new proj,,,,,
197,convex-setup-auth,SPECIALIZED,Convex,"Sets up Convex authentication with user management, identity mapping, and access control. Use this skill when adding log",,,,,
198,game-engine,SPECIALIZED,Game Dev,"'Expert skill for building web-based game engines and games using HTML5, Canvas, WebGL, and JavaScript. Use when asked t",,,,,
199,godot-gdscript-patterns,SPECIALIZED,Game Dev,"Master Godot 4 GDScript patterns including signals, scenes, state machines, and optimization. Use when building Godot ga",,,,,
200,unity-ecs-patterns,SPECIALIZED,Game Dev,"Master Unity ECS (Entity Component System) with DOTS, Jobs, and Burst for high-performance game development. Use when bu",,,,,
201,creating-oracle-to-postgres-master-migration-plan,SPECIALIZED,Oracle to Postgres,"'Discovers all projects in a .NET solution, classifies each for Oracle-to-PostgreSQL migration eligibility, and produces",,,,,
202,creating-oracle-to-postgres-migration-bug-report,SPECIALIZED,Oracle to Postgres,'Creates structured bug reports for defects found during Oracle-to-PostgreSQL migration. Use when documenting behavioral,,,,,
203,creating-oracle-to-postgres-migration-integration-tests,SPECIALIZED,Oracle to Postgres,'Creates integration test cases for .NET data access artifacts during Oracle-to-PostgreSQL database migrations. Generate,,,,,
204,migrating-oracle-to-postgres-stored-procedures,SPECIALIZED,Oracle to Postgres,"'Migrates Oracle PL/SQL stored procedures to PostgreSQL PL/pgSQL. Translates Oracle-specific syntax, preserves method si",,,,,
205,planning-oracle-to-postgres-migration-integration-testing,SPECIALIZED,Oracle to Postgres,'Creates an integration testing plan for .NET data access artifacts during Oracle-to-PostgreSQL database migrations. Ana,,,,,
206,reviewing-oracle-to-postgres-migration,SPECIALIZED,Oracle to Postgres,'Identifies Oracle-to-PostgreSQL migration risks by cross-referencing code against known behavioral differences (empty s,,,,,
207,scaffolding-oracle-to-postgres-migration-test-project,SPECIALIZED,Oracle to Postgres,'Scaffolds an xUnit integration test project for validating Oracle-to-PostgreSQL database migration behavior in .NET sol,,,,,
208,salesforce-apex-quality,SPECIALIZED,Salesforce,"'Apex code quality guardrails for Salesforce development. Enforces bulk-safety rules (no SOQL/DML in loops), sharing mod",,,,,
209,salesforce-component-standards,SPECIALIZED,Salesforce,"'Quality standards for Salesforce Lightning Web Components (LWC), Aura components, and Visualforce pages. Covers SLDS 2 ",,,,,
210,salesforce-flow-design,SPECIALIZED,Salesforce,"'Salesforce Flow architecture decisions, flow type selection, bulk safety validation, and fault handling standards. Use ",,,,,
211,snowflake-semanticview,SPECIALIZED,Snowflake,"Create, alter, and validate Snowflake semantic views using Snowflake CLI (snow). Use when asked to build or troubleshoot",,,,,
212,vercel-composition-patterns,SPECIALIZED,Vercel,React composition patterns that scale. Use when refactoring components with,,,,,
213,vercel-react-best-practices,SPECIALIZED,Vercel,"React and Next.js performance optimization guidelines from Vercel Engineering. This skill should be used when writing, r",,,,,
214,vercel-react-view-transitions,SPECIALIZED,Vercel,"Guide for implementing smooth, native-feeling animations using React's View Transition API (`<ViewTransition>` component",,,,,
215,vercel-sandbox,SPECIALIZED,Vercel,Run agent-browser + Chrome inside Vercel Sandbox microVMs for browser automation from any Vercel-deployed app. Use when ,,,,,
216,email-drafter,CONTENT & MEDIA,Email,"'Draft and review professional emails that match your personal writing style. Analyzes your sent emails for tone, greeti",,,,,
217,convert-plaintext-to-md,CONTENT & MEDIA,File Formats,"'Convert a text-based document to markdown following instructions from prompt, or if a documented option is passed, foll",,,,,
218,docx,CONTENT & MEDIA,File Formats,"Use this skill whenever the user wants to create, read, edit, or manipulate Word documents (.docx files). Triggers inclu",,,,,
219,markdown-to-html,CONTENT & MEDIA,File Formats,"'Convert Markdown files to HTML similar to `marked.js`, `pandoc`, `gomarkdown/markdown`, or similar tools; or writing cu",,,,,
220,pdf,CONTENT & MEDIA,File Formats,Use this skill whenever the user wants to do anything with PDF files. This includes reading or extracting text/tables fr,,,,,
221,pdftk-server,CONTENT & MEDIA,File Formats,"'Skill for using the command-line tool pdftk (PDFtk Server) for working with PDF files. Use when asked to merge PDFs, sp",,,,,
222,pptx,CONTENT & MEDIA,File Formats,"Use this skill any time a .pptx file is involved in any way — as input, output, or both. This includes: creating slide d",,,,,
223,shuffle-json-data,CONTENT & MEDIA,File Formats,'Shuffle repetitive JSON objects safely by validating schema consistency before randomising entries.',,,,,
224,xlsx,CONTENT & MEDIA,File Formats,Use this skill any time a spreadsheet file is the primary input or output. This means any task where the user wants to: ,,,,,
225,image-manipulation-image-magick,CONTENT & MEDIA,Media,"Process and manipulate images using ImageMagick. Supports resizing, format conversion, batch processing, and retrieving ",,,,,
226,nano-banana-pro-openrouter,CONTENT & MEDIA,Media,"'Generate or edit images via OpenRouter with the Gemini 3 Pro Image model. Use for prompt-only image generation, image e",,,,,
227,slack-gif-creator,CONTENT & MEDIA,Media,"Knowledge and utilities for creating animated GIFs optimized for Slack. Provides constraints, validation tools, and anim",,,,,
228,transloadit-media-processing,CONTENT & MEDIA,Media,"'Process media files (video, audio, images, documents) using Transloadit. Use when asked to encode video to HLS/MP4, gen",,,,,
229,legacy-circuit-mockups,GAMING & REVERSE,Retro & Art,'Generate breadboard circuit mockups and visual diagrams using HTML5 Canvas drawing techniques. Use when asked to create,,,,,
230,anti-reversing-techniques,GAMING & REVERSE,Reverse Engineering,"Understand anti-reversing, obfuscation, and protection techniques encountered during software analysis. Use this skill w",,,,,
231,binary-analysis-patterns,GAMING & REVERSE,Reverse Engineering,"Master binary analysis patterns including disassembly, decompilation, control flow analysis, and code pattern recognitio",,,,,
232,memory-forensics,GAMING & REVERSE,Reverse Engineering,"Master memory forensics techniques including memory acquisition, process analysis, and artifact extraction using Volatil",,,,,
233,protocol-reverse-engineering,GAMING & REVERSE,Reverse Engineering,"Master network protocol reverse engineering including packet analysis, protocol dissection, and custom protocol document",,,,,
234,model-recommendation,UTILITY,AI Models,...,,,,,
235,opensource-guide-coach,UTILITY,AI Models,"Use when a user wants guidance on starting, contributing to, growing, governing, funding, securing, or sustaining an ope",,,,,
236,running-claude-code-via-litellm-copilot,UTILITY,AI Models,"Use when routing Claude Code through a local LiteLLM proxy to GitHub Copilot, reducing direct Anthropic spend, configuri",,,,,
237,sponsor-finder,UTILITY,AI Models,Find which of a GitHub repository's dependencies are sponsorable via GitHub Sponsors. Uses deps.dev API for dependency r,,,,,
238,refactor-method-complexity-reduce,UTILITY,Altro,'Refactor given method `${input:methodName}` to reduce its cognitive complexity to `${input:complexityThreshold}` or bel,,,,,
239,agent-browser,UTILITY,Browser Automation,"Browser automation CLI for AI agents. Use when the user needs to interact with websites, including navigating pages, fil",,,,,
240,agentcore,UTILITY,Browser Automation,"Run agent-browser on AWS Bedrock AgentCore cloud browsers. Use when the user wants to use AgentCore, run browser automat",,,,,
241,chrome-devtools,UTILITY,Browser Automation,"'Expert-level browser automation, debugging, and performance analysis using Chrome DevTools MCP. Use for interacting wit",,,,,
242,develop-userscripts,UTILITY,Browser Automation,"Use when building, debugging, packaging, or publishing browser userscripts for Tampermonkey or ScriptCat, including GM A",,,,,
243,slack,UTILITY,Browser Automation,"Interact with Slack workspaces using browser automation. Use when the user needs to check unread channels, navigate Slac",,,,,
244,use-my-browser,UTILITY,Browser Automation,"Use when work depends on the user's live browser session or visible rendered state rather than static fetches, especiall",,,,,
245,block-no-verify-hook,UTILITY,Environment,Configure a PreToolUse hook to prevent AI agents from skipping git pre-commit hooks with --no-verify and other bypass fl,,,,,
246,editorconfig,UTILITY,Environment,'Generates a comprehensive and best-practice-oriented .editorconfig file based on project analysis and user preferences.,,,,,
247,sandbox-npm-install,UTILITY,Environment,"'Install npm packages in a Docker sandbox environment. Use this skill whenever you need to install, reinstall, or update",,,,,
248,tzst,UTILITY,Environment,"Use when the user needs to create, extract, flatten, list, test, install, script, or troubleshoot `tzst` CLI workflows f",,,,,
249,xdrop,UTILITY,Environment,"Use this skill when the user wants to send or fetch files through an Xdrop server from the terminal, asks to automate en",,,,,
250,xget,UTILITY,Environment,"Use when tasks involve Xget URL rewriting, registry/package/container/API",,,,,
251,finnish-humanizer,UTILITY,Language,"'Detect and remove AI-generated markers from Finnish text, making it sound like a native Finnish speaker wrote it. Use w",,,,,
252,onboard-context-matic,UTILITY,Onboarding,"'Interactive onboarding tour for the context-matic MCP server. Walks the user through what the server does, shows all av",,,,,
253,what-context-needed,UTILITY,Onboarding,'Ask Copilot what files it needs to see before answering a question',,,,,
254,automate-this,UTILITY,Productivity,"'Analyze a screen recording of a manual process and produce targeted, working automation scripts. Extracts frames and au",,,,,
255,autoresearch,UTILITY,Productivity,"'Autonomous iterative experimentation loop for any programming task. Guides the user through defining goals, measurable ",,,,,
256,daily-prep,UTILITY,Productivity,"'Prepare for tomorrow''s meetings and tasks. Pulls calendar from Outlook via WorkIQ, cross-references open tasks and wor",,,,,
257,dogfood,UTILITY,Productivity,"Systematically explore and test a web application to find bugs, UX issues, and other problems. Use when asked to ""dogfoo",,,,,
258,meeting-minutes,UTILITY,Productivity,"'Generate concise, actionable meeting minutes for internal meetings. Includes metadata, attendees, agenda, decisions, ac",,,,,
259,napkin,UTILITY,Productivity,"'Visual whiteboard collaboration for Copilot CLI. Creates an interactive whiteboard that opens in your browser — draw, s",,,,,
260,roundup,UTILITY,Productivity,"'Generate personalized status briefings on demand. Pulls from your configured data sources (GitHub, email, Teams, Slack,",,,,,
261,roundup-setup,UTILITY,Productivity,"'Interactive onboarding that learns your communication style, audiences, and data sources to configure personalized stat",,,,,
262,apple-appstore-reviewer,UTILITY,Varie,'Serves as a reviewer of the codebase with instructions on looking for Apple App Store optimizations or rejection reason,,,,,
263,architecture-patterns,UTILITY,Varie,"Implement proven backend architecture patterns including Clean Architecture, Hexagonal Architecture, and Domain-Driven D",,,,,
264,comment-code-generate-a-tutorial,UTILITY,Varie,"'Transform this Python script into a polished, beginner-friendly project by refactoring the code, adding clear instructi",,,,,
265,create-adaptable-composable,UTILITY,Varie,Create a library-grade Vue composable that accepts maybe-reactive inputs (MaybeRef / MaybeRefOrGetter) so callers can pa,,,,,
266,debugging-strategies,UTILITY,Varie,"Master systematic debugging techniques, profiling tools, and root cause analysis to efficiently track down bugs across a",,,,,
267,generate-custom-instructions-from-codebase,UTILITY,Varie,'Migration and code evolution instructions generator for GitHub Copilot. Analyzes differences between two project versio,,,,,
268,github-copilot-starter,UTILITY,Varie,React development best practices,,,,,
269,mentoring-juniors,UTILITY,Varie,"'Socratic mentoring for junior developers and AI newcomers. Guides through questions, never answers. Triggers: ""help me ",,,,,
270,risk-metrics-calculation,UTILITY,Varie,"Calculate portfolio risk metrics including VaR, CVaR, Sharpe, Sortino, and drawdown analysis. Use when measuring portfol",,,,,
271,template-skill,UTILITY,Varie,Replace with description of the skill and when Claude should use it.,,,,,
272,update-markdown-file-index,UTILITY,Varie,'Update a markdown file section with an index/table of files from a specified folder.',,,,,
273,using-superpowers,UTILITY,Varie,"Use when starting any conversation - establishes how to find and use skills, requiring Skill tool invocation before ANY ",,,,,
274,vscode-ext-commands,UTILITY,Varie,"'Guidelines for contributing commands in VS Code extensions. Indicates naming convention, visibility, localization and o",,,,,
275,vscode-ext-localization,UTILITY,Varie,"'Guidelines for proper localization of VS Code extensions, following VS Code extension development guidelines, libraries",,,,,
276,workiq-copilot,UTILITY,Varie,"'Guides the Copilot CLI on how to use the WorkIQ CLI/MCP server to query Microsoft 365 Copilot data (emails, meetings, d",,,,,
277,write-coding-standards-from-file,UTILITY,Varie,'Write a coding standards document for a project using the coding styles from the file(s) and/or folder(s) passed as arg,,,,,
278,quasi-coder,UTILITY,Writing,"'Expert 10x engineer skill for interpreting and implementing code from shorthand, quasi-code, and natural language descr",,,,,
279,refactor,UTILITY,Writing,"'Surgical code refactoring to improve maintainability without changing behavior. Covers extracting functions, renaming v",,,,,
280,az-cost-optimize,INFRASTRUCTURE,Azure,'Analyze Azure resources used in the app (IaC files and/or resources in a target rg) and optimize costs - creating GitHu,,,,,
281,azure-architecture-autopilot,INFRASTRUCTURE,Azure,>,,,,,
282,azure-deployment-preflight,INFRASTRUCTURE,Azure,"'Performs comprehensive preflight validation of Bicep deployments to Azure, including template syntax validation, what-i",,,,,
283,azure-devops-cli,INFRASTRUCTURE,Azure,"Manage Azure DevOps resources via CLI including projects, repos, pipelines, builds, pull requests, work items, artifacts",,,,,
284,azure-pricing,INFRASTRUCTURE,Azure,'Fetches real-time Azure retail pricing using the Azure Retail Prices API (prices.azure.com) and estimates Copilot Studi,,,,,
285,azure-resource-health-diagnose,INFRASTRUCTURE,Azure,"'Analyze Azure resource health, diagnose issues from logs and telemetry, and create a remediation plan for identified pr",,,,,
286,azure-resource-visualizer,INFRASTRUCTURE,Azure,Analyze Azure resource groups and generate detailed Mermaid architecture diagrams showing the relationships between indi,,,,,
287,azure-role-selector,INFRASTRUCTURE,Azure,"When user is asking for guidance for which role to assign to an identity given desired permissions, this agent helps the",,,,,
288,azure-static-web-apps,INFRASTRUCTURE,Azure,"Helps create, configure, and deploy Azure Static Web Apps using the SWA CLI. Use when deploying static sites to Azure, s",,,,,
289,codeql,INFRASTRUCTURE,CI/CD,Comprehensive guide for setting up and configuring CodeQL code scanning via GitHub Actions workflows and the CodeQL CLI.,,,,,
290,dependabot,INFRASTRUCTURE,CI/CD,>-,,,,,
291,deployment-pipeline-design,INFRASTRUCTURE,CI/CD,"Design multi-stage CI/CD pipelines with approval gates, security checks, and deployment orchestration. Use this skill wh",,,,,
292,devops-rollout-plan,INFRASTRUCTURE,CI/CD,"'Generate comprehensive rollout plans with preflight checks, step-by-step deployment, verification signals, rollback pro",,,,,
293,github-actions-docs,INFRASTRUCTURE,CI/CD,"Use when users ask how to write, explain, customize, migrate, secure, or troubleshoot GitHub Actions workflows, workflow",,,,,
294,github-actions-templates,INFRASTRUCTURE,CI/CD,"Create production-ready GitHub Actions workflows for automated testing, building, and deploying applications. Use when s",,,,,
295,gitlab-ci-patterns,INFRASTRUCTURE,CI/CD,"Build GitLab CI/CD pipelines with multi-stage workflows, caching, and distributed runners for scalable automation. Use w",,,,,
296,sast-configuration,INFRASTRUCTURE,CI/CD,Configure Static Application Security Testing (SAST) tools for automated vulnerability detection in application code. Us,,,,,
297,secret-scanning,INFRASTRUCTURE,CI/CD,"'Guide for configuring and managing GitHub secret scanning, push protection, custom patterns, and secret alert remediati",,,,,
298,secrets-management,INFRASTRUCTURE,CI/CD,"Implement secure secrets management for CI/CD pipelines using Vault, AWS Secrets Manager, or native platform solutions. ",,,,,
299,aws-cdk-python-setup,INFRASTRUCTURE,Cloud Platforms,Setup and initialization guide for developing AWS CDK (Cloud Development Kit) applications in Python. This skill enables,,,,,
300,cost-optimization,INFRASTRUCTURE,Cloud Platforms,"Optimize cloud costs across AWS, Azure, GCP, and OCI through resource rightsizing, tagging strategies, reserved instance",,,,,
301,hybrid-cloud-networking,INFRASTRUCTURE,Cloud Platforms,"Configure secure, high-performance connectivity between on-premises infrastructure and cloud platforms using VPN and ded",,,,,
302,multi-cloud-architecture,INFRASTRUCTURE,Cloud Platforms,"Design multi-cloud architectures using a decision framework to select and integrate services across AWS, Azure, GCP, and",,,,,
303,gitops-workflow,INFRASTRUCTURE,Kubernetes,"Implement GitOps workflows with ArgoCD and Flux for automated, declarative Kubernetes deployments with continuous reconc",,,,,
304,helm-chart-scaffolding,INFRASTRUCTURE,Kubernetes,"Design, organize, and manage Helm charts for templating and packaging Kubernetes applications with reusable configuratio",,,,,
305,istio-traffic-management,INFRASTRUCTURE,Kubernetes,"Configure Istio traffic management including routing, load balancing, circuit breakers, and canary deployments. Use when",,,,,
306,k8s-manifest-generator,INFRASTRUCTURE,Kubernetes,Application description,,,,,
307,k8s-security-policies,INFRASTRUCTURE,Kubernetes,"Implement Kubernetes security policies including NetworkPolicy, PodSecurityPolicy, and RBAC for production-grade securit",,,,,
308,linkerd-patterns,INFRASTRUCTURE,Kubernetes,"Implement Linkerd service mesh patterns for lightweight, security-focused service mesh deployments. Use when setting up ",,,,,
309,mtls-configuration,INFRASTRUCTURE,Kubernetes,Configure mutual TLS (mTLS) for zero-trust service-to-service communication. Use when implementing zero-trust networking,,,,,
310,service-mesh-observability,INFRASTRUCTURE,Kubernetes,"Implement comprehensive observability for service meshes including distributed tracing, metrics, and visualization. Use ",,,,,
311,distributed-tracing,INFRASTRUCTURE,Monitoring,Implement distributed tracing with Jaeger and Tempo to track requests across microservices and identify performance bott,,,,,
312,grafana-dashboards,INFRASTRUCTURE,Monitoring,Create and manage production Grafana dashboards for real-time visualization of system and application metrics. Use when ,,,,,
313,incident-runbook-templates,INFRASTRUCTURE,Monitoring,"Create structured incident response runbooks with step-by-step procedures, escalation paths, and recovery actions. Use t",,,,,
314,on-call-handoff-patterns,INFRASTRUCTURE,Monitoring,"Master on-call shift handoffs with context transfer, escalation procedures, and documentation. Use this skill when trans",,,,,
315,postmortem-writing,INFRASTRUCTURE,Monitoring,"Write effective blameless postmortems with root cause analysis, timelines, and action items. Use when conducting inciden",,,,,
316,prometheus-configuration,INFRASTRUCTURE,Monitoring,{{ $labels.job }} has been down for more than 1 minute,,,,,
317,slo-implementation,INFRASTRUCTURE,Monitoring,Error budget burning at {{ $value }}x rate,,,,,
318,import-infrastructure-as-code,INFRASTRUCTURE,Terraform/IaC,'Import existing Azure resources into Terraform using Azure CLI discovery and Azure Verified Modules (AVM). Use when ask,,,,,
319,terraform-azurerm-set-diff-analyzer,INFRASTRUCTURE,Terraform/IaC,Analyze Terraform plan JSON output for AzureRM Provider to distinguish between false-positive diffs (order-only changes ,,,,,
320,terraform-module-library,INFRASTRUCTURE,Terraform/IaC,"Build reusable Terraform modules for AWS, Azure, GCP, and OCI infrastructure following infrastructure-as-code best pract",,,,,
321,update-avm-modules-in-bicep,INFRASTRUCTURE,Terraform/IaC,'Update Azure Verified Modules (AVM) to latest versions in Bicep files.',,,,,
322,agent-governance,AI & AGENTS,AI Safety,|,,,,,
323,agent-owasp-compliance,AI & AGENTS,AI Safety,|,,,,,
324,agent-supply-chain,AI & AGENTS,AI Safety,|,,,,,
325,ai-prompt-engineering-safety-review,AI & AGENTS,AI Safety,"'Comprehensive AI prompt engineering safety review and improvement prompt. Analyzes prompts for safety, bias, security v",,,,,
326,copilot-sdk,AI & AGENTS,Agent Frameworks,Get the current weather for a city,,,,,
327,copilot-spaces,AI & AGENTS,Agent Frameworks,"'Use Copilot Spaces to provide project-specific context to conversations. Use this skill when users mention a ""Copilot s",,,,,
328,declarative-agents,AI & AGENTS,Agent Frameworks,"'Complete development kit for Microsoft 365 Copilot declarative agents with three comprehensive workflows (basic, advanc",,,,,
329,microsoft-agent-framework,AI & AGENTS,Agent Frameworks,"'Create, update, refactor, explain, or review Microsoft Agent Framework solutions using shared guidance plus language-sp",,,,,
330,semantic-kernel,AI & AGENTS,Agent Frameworks,"'Create, update, refactor, explain, or review Semantic Kernel solutions using shared guidance plus language-specific ref",,,,,
331,temporal-python-testing,AI & AGENTS,Agent Frameworks,"Test Temporal workflows with pytest, time-skipping, and mocking strategies. Covers unit testing, integration testing, re",,,,,
332,workflow-orchestration-patterns,AI & AGENTS,Agent Frameworks,"Design durable workflows with Temporal for distributed systems. Covers workflow vs activity separation, saga patterns, s",,,,,
333,arize-ai-provider-integration,AI & AGENTS,Arize AI,"INVOKE THIS SKILL when creating, reading, updating, or deleting Arize AI integrations. Covers listing integrations, crea",,,,,
334,arize-annotation,AI & AGENTS,Arize AI,"INVOKE THIS SKILL when creating, managing, or using annotation configs on Arize (categorical, continuous, freeform), or ",,,,,
335,arize-dataset,AI & AGENTS,Arize AI,"INVOKE THIS SKILL when creating, managing, or querying Arize datasets and examples. Covers dataset CRUD, appending examp",,,,,
336,arize-evaluator,AI & AGENTS,Arize AI,"INVOKE THIS SKILL for LLM-as-judge evaluation workflows on Arize: creating/updating evaluators, running evaluations on s",,,,,
337,arize-experiment,AI & AGENTS,Arize AI,"INVOKE THIS SKILL when creating, running, or analyzing Arize experiments. Covers experiment CRUD, exporting runs, compar",,,,,
338,arize-instrumentation,AI & AGENTS,Arize AI,INVOKE THIS SKILL when adding Arize AX tracing to an application. Follow the Agent-Assisted Tracing two-phase flow: anal,,,,,
339,arize-link,AI & AGENTS,Arize AI,"Generate deep links to the Arize UI. Use when the user wants a clickable URL to open a specific trace, span, session, da",,,,,
340,arize-prompt-optimization,AI & AGENTS,Arize AI,"INVOKE THIS SKILL when optimizing, improving, or debugging LLM prompts using production trace data, evaluations, and ann",,,,,
341,arize-trace,AI & AGENTS,Arize AI,"INVOKE THIS SKILL when downloading or exporting Arize traces and spans. Covers exporting traces by ID, sessions by ID, a",,,,,
342,agentic-eval,AI & AGENTS,LLM Dev,|,,,,,
343,embedding-strategies,AI & AGENTS,LLM Dev,"Select and optimize embedding models for semantic search and RAG applications. Use when choosing embedding models, imple",,,,,
344,eval-driven-dev,AI & AGENTS,LLM Dev,>,,,,,
345,hybrid-search-implementation,AI & AGENTS,LLM Dev,"Combine vector and keyword search for improved retrieval. Use when implementing RAG systems, building search engines, or",,,,,
346,langchain-architecture,AI & AGENTS,LLM Dev,"Design LLM applications using LangChain 1.x and LangGraph for agents, memory, and tool integration. Use when building La",,,,,
347,llm-evaluation,AI & AGENTS,LLM Dev,"Implement comprehensive evaluation strategies for LLM applications using automated metrics, human feedback, and benchmar",,,,,
348,prompt-engineering-patterns,AI & AGENTS,LLM Dev,"Master advanced prompt engineering techniques to maximize LLM performance, reliability, and controllability in productio",,,,,
349,rag-implementation,AI & AGENTS,LLM Dev,Build Retrieval-Augmented Generation (RAG) systems for LLM applications with vector databases and semantic search. Use w,,,,,
350,similarity-search-patterns,AI & AGENTS,LLM Dev,"Implement efficient similarity search with vector databases. Use when building semantic search, implementing nearest nei",,,,,
351,vector-index-tuning,AI & AGENTS,LLM Dev,"Optimize vector index performance for latency, recall, and memory. Use when tuning HNSW parameters, selecting quantizati",,,,,
352,phoenix-cli,AI & AGENTS,Phoenix,"Debug LLM applications using the Phoenix CLI. Fetch traces, analyze errors, review experiments, inspect datasets, and qu",,,,,
353,phoenix-evals,AI & AGENTS,Phoenix,Build and run evaluators for AI/LLM applications using Phoenix.,,,,,
354,phoenix-tracing,AI & AGENTS,Phoenix,"OpenInference semantic conventions and instrumentation for Phoenix AI observability. Use when implementing LLM tracing, ",,,,,
355,tavily-best-practices,AI & AGENTS,Tavily,Build production-ready Tavily integrations with best practices baked in. Reference documentation for developers using co,,,,,
356,tavily-cli,AI & AGENTS,Tavily,|,,,,,
357,tavily-crawl,AI & AGENTS,Tavily,|,,,,,
358,tavily-extract,AI & AGENTS,Tavily,|,,,,,
359,tavily-map,AI & AGENTS,Tavily,|,,,,,
360,tavily-research,AI & AGENTS,Tavily,|,,,,,
361,tavily-search,AI & AGENTS,Tavily,|,,,,,
362,ab-test-setup,GO-TO-MARKET,CRO,"When the user wants to plan, design, or implement an A/B test or experiment, or build a growth experimentation program. ",,,,,
363,form-cro,GO-TO-MARKET,CRO,"When the user wants to optimize any form that is NOT signup/registration — including lead capture forms, contact forms, ",,,,,
364,onboarding-cro,GO-TO-MARKET,CRO,"When the user wants to optimize post-signup onboarding, user activation, first-run experience, or time-to-value. Also us",,,,,
365,page-cro,GO-TO-MARKET,CRO,"When the user wants to optimize, improve, or increase conversions on any marketing page — including homepage, landing pa",,,,,
366,paywall-upgrade-cro,GO-TO-MARKET,CRO,"When the user wants to create or optimize in-app paywalls, upgrade screens, upsell modals, or feature gates. Also use wh",,,,,
367,popup-cro,GO-TO-MARKET,CRO,"When the user wants to create or optimize popups, modals, overlays, slide-ins, or banners for conversion purposes. Also ",,,,,
368,signup-flow-cro,GO-TO-MARKET,CRO,"When the user wants to optimize signup, registration, account creation, or trial activation flows. Also use when the use",,,,,
369,ad-creative,GO-TO-MARKET,Copy & Content,"When the user wants to generate, iterate, or scale ad creative — headlines, descriptions, primary text, or full ad varia",,,,,
370,cold-email,GO-TO-MARKET,Copy & Content,"Write B2B cold emails and follow-up sequences that get replies. Use when the user wants to write cold outreach emails, p",,,,,
371,content-strategy,GO-TO-MARKET,Copy & Content,"When the user wants to plan a content strategy, decide what content to create, or figure out what topics to cover. Also ",,,,,
372,copy-editing,GO-TO-MARKET,Copy & Content,"When the user wants to edit, review, or improve existing marketing copy, or refresh outdated content. Also use when the ",,,,,
373,copywriting,GO-TO-MARKET,Copy & Content,"When the user wants to write, rewrite, or improve marketing copy for any page — including homepage, landing pages, prici",,,,,
374,email-sequence,GO-TO-MARKET,Copy & Content,"When the user wants to create or optimize an email sequence, drip campaign, automated email flow, or lifecycle email pro",,,,,
375,programmatic-seo,GO-TO-MARKET,Copy & Content,"When the user wants to create SEO-driven pages at scale using templates and data. Also use when the user mentions ""progr",,,,,
376,social-content,GO-TO-MARKET,Copy & Content,"When the user wants help creating, scheduling, or optimizing social media content for LinkedIn, Twitter/X, Instagram, Ti",,,,,
377,gtm-0-to-1-launch,GO-TO-MARKET,GTM Strategy,"Launch new products from idea to first customers. Use when launching products, finding early adopters, building launch w",,,,,
378,gtm-ai-gtm,GO-TO-MARKET,GTM Strategy,"Go-to-market strategy for AI products. Use when positioning AI products, handling ""who is responsible when it breaks"" ob",,,,,
379,gtm-board-and-investor-communication,GO-TO-MARKET,GTM Strategy,"Board meeting preparation, investor updates, and executive communication. Use when preparing board decks, writing invest",,,,,
380,gtm-developer-ecosystem,GO-TO-MARKET,GTM Strategy,"Build and scale developer-led adoption through ecosystem programs. Use when deciding open vs curated ecosystems, buildin",,,,,
381,gtm-enterprise-account-planning,GO-TO-MARKET,GTM Strategy,"Strategic account planning and execution for enterprise deals. Use when planning complex sales cycles, managing multiple",,,,,
382,gtm-enterprise-onboarding,GO-TO-MARKET,GTM Strategy,Four-phase framework for onboarding enterprise customers from contract to value realization. Use when implementing new e,,,,,
383,gtm-operating-cadence,GO-TO-MARKET,GTM Strategy,"Design meeting rhythms, metric reporting, quarterly planning, and decision-making velocity for scaling companies. Use wh",,,,,
384,gtm-partnership-architecture,GO-TO-MARKET,GTM Strategy,Build and scale partner ecosystems that drive revenue and platform adoption. Use when building partner programs from scr,,,,,
385,gtm-positioning-strategy,GO-TO-MARKET,GTM Strategy,"Find and own a defensible market position. Use when messaging sounds like competitors, conversion is weak despite awaren",,,,,
386,gtm-product-led-growth,GO-TO-MARKET,GTM Strategy,"Build self-serve acquisition and expansion motions. Use when deciding PLG vs sales-led, optimizing activation, driving f",,,,,
387,gtm-technical-product-pricing,GO-TO-MARKET,GTM Strategy,"Pricing strategy for technical products. Use when choosing usage-based vs seat-based, designing freemium thresholds, str",,,,,
388,analytics-tracking,GO-TO-MARKET,Paid Ads,"When the user wants to set up, improve, or audit analytics tracking and measurement. Also use when the user mentions ""se",,,,,
389,paid-ads,GO-TO-MARKET,Paid Ads,"When the user wants help with paid advertising campaigns on Google Ads, Meta (Facebook/Instagram), LinkedIn, Twitter/X, ",,,,,
390,competitive-landscape,GO-TO-MARKET,Product Marketing,"Analyze competition, identify differentiation opportunities, and develop winning market positioning strategies using Por",,,,,
391,free-tool-strategy,GO-TO-MARKET,Product Marketing,"When the user wants to plan, evaluate, or build a free tool for marketing purposes — lead generation, SEO value, or bran",,,,,
392,launch-strategy,GO-TO-MARKET,Product Marketing,"When the user wants to plan a product launch, feature announcement, or release strategy. Also use when the user mentions",,,,,
393,lead-magnets,GO-TO-MARKET,Product Marketing,"When the user wants to create, plan, or optimize a lead magnet for email capture or lead generation. Also use when the u",,,,,
394,marketing-ideas,GO-TO-MARKET,Product Marketing,"When the user needs marketing ideas, inspiration, or strategies for their SaaS or software product. Also use when the us",,,,,
395,marketing-psychology,GO-TO-MARKET,Product Marketing,"When the user wants to apply psychological principles, mental models, or behavioral science to marketing. Also use when ",,,,,
396,pricing-strategy,GO-TO-MARKET,Product Marketing,"When the user wants help with pricing decisions, packaging, or monetization strategy. Also use when the user mentions 'p",,,,,
397,product-marketing-context,GO-TO-MARKET,Product Marketing,When the user wants to create or update their product marketing context document. Also use when the user mentions 'produ,,,,,
398,referral-program,GO-TO-MARKET,Product Marketing,"When the user wants to create, optimize, or analyze a referral program, affiliate program, or word-of-mouth strategy. Al",,,,,
399,billing-automation,GO-TO-MARKET,RevOps,"Build automated billing systems for recurring payments, invoicing, subscription lifecycle, and dunning management. Use w",,,,,
400,churn-prevention,GO-TO-MARKET,RevOps,"When the user wants to reduce churn, build cancellation flows, set up save offers, recover failed payments, or implement",,,,,
401,revops,GO-TO-MARKET,RevOps,"When the user wants help with revenue operations, lead lifecycle management, or marketing-to-sales handoff processes. Al",,,,,
402,ai-seo,GO-TO-MARKET,SEO,"When the user wants to optimize content for AI search engines, get cited by LLMs, or appear in AI-generated answers. Als",,,,,
403,competitor-alternatives,GO-TO-MARKET,SEO,When the user wants to create competitor comparison or alternative pages for SEO and sales enablement. Also use when the,,,,,
404,schema-markup,GO-TO-MARKET,SEO,"When the user wants to add, fix, or optimize schema markup and structured data on their site. Also use when the user men",,,,,
405,seo-audit,GO-TO-MARKET,SEO,"When the user wants to audit, review, or diagnose SEO issues on their site. Also use when the user mentions ""SEO audit,""",,,,,
406,site-architecture,GO-TO-MARKET,SEO,"When the user wants to plan, map, or restructure their website's page hierarchy, navigation, URL structure, or internal ",,,,,
407,customer-research,GO-TO-MARKET,Sales,"When the user wants to conduct, analyze, or synthesize customer research. Use when the user mentions ""customer research,",,,,,
408,sales-enablement,GO-TO-MARKET,Sales,"When the user wants to create sales collateral, pitch decks, one-pagers, objection handling docs, or demo scripts. Also ",,,,,
409,accessibility-compliance,DESIGN & UI,Accessibility,"Implement WCAG 2.2 compliant interfaces with mobile accessibility, inclusive design patterns, and assistive technology s",,,,,
410,screen-reader-testing,DESIGN & UI,Accessibility,"Test web applications with screen readers including VoiceOver, NVDA, and JAWS. Use when validating screen reader compati",,,,,
411,wcag-audit-patterns,DESIGN & UI,Accessibility,"Conduct WCAG 2.2 accessibility audits with automated testing, manual verification, and remediation guidance. Use when au",,,,,
412,algorithmic-art,DESIGN & UI,Design Tools,Creating algorithmic art using p5.js with seeded randomness and interactive parameter exploration. Use this when users r,,,,,
413,canvas-design,DESIGN & UI,Design Tools,Create beautiful visual art in .png and .pdf documents using design philosophy. You should use this skill when the user ,,,,,
414,excalidraw-diagram-generator,DESIGN & UI,Design Tools,"'Generate Excalidraw diagrams from natural language descriptions. Use when asked to ""create a diagram"", ""make a flowchar",,,,,
415,penpot-uiux-design,DESIGN & UI,Design Tools,'Comprehensive guide for creating professional UI/UX designs in Penpot using MCP tools. Use this skill when: (1) Creatin,,,,,
416,web-design-reviewer,DESIGN & UI,Design Tools,'This skill enables visual inspection of websites running locally or remotely to identify and fix design issues. Trigger,,,,,
417,brand-guidelines,DESIGN & UI,Foundations,Applies Anthropic's official brand colors and typography to any sort of artifact that may benefit from having Anthropic',,,,,
418,design-system-patterns,DESIGN & UI,Foundations,"Build scalable design systems with design tokens, theming infrastructure, and component architecture patterns. Use when ",,,,,
419,responsive-design,DESIGN & UI,Foundations,"Implement modern responsive layouts using container queries, fluid typography, CSS Grid, and mobile-first breakpoint str",,,,,
420,tailwind-design-system,DESIGN & UI,Foundations,"Build scalable design systems with Tailwind CSS v4, design tokens, component libraries, and responsive patterns. Use whe",,,,,
421,visual-design-foundations,DESIGN & UI,Foundations,"Apply typography, color theory, spacing systems, and iconography principles to create cohesive visual designs. Use when ",,,,,
422,mobile-android-design,DESIGN & UI,Mobile Design,Master Material Design 3 and Jetpack Compose patterns for building native Android apps. Use when designing Android inter,,,,,
423,mobile-ios-design,DESIGN & UI,Mobile Design,Master iOS Human Interface Guidelines and SwiftUI patterns for building native iOS apps. Use when designing iOS interfac,,,,,
424,ckm-banner-design,DESIGN & UI,UI Dev,"Design banners for social media, ads, website heroes, creative assets, and print. Multiple art direction options with AI",,,,,
425,ckm-brand,DESIGN & UI,UI Dev,"Brand voice, visual identity, messaging frameworks, asset management, brand consistency. Activate for branded content, t",,,,,
426,ckm-design,DESIGN & UI,UI Dev,"Comprehensive design skill: brand identity, design tokens, UI styling, logo generation (55 styles, Gemini AI), corporate",,,,,
427,ckm-design-system,DESIGN & UI,UI Dev,"Token architecture, component specifications, and slide generation. Three-layer tokens (primitive→semantic→component), C",,,,,
428,ckm-slides,DESIGN & UI,UI Dev,"Create strategic HTML presentations with Chart.js, design tokens, responsive layouts, copywriting formulas, and contextu",,,,,
429,ckm-ui-styling,DESIGN & UI,UI Dev,"Create beautiful, accessible user interfaces with shadcn/ui components (built on Radix UI + Tailwind), Tailwind CSS util",,,,,
430,frontend-design,DESIGN & UI,UI Dev,"Create distinctive, production-grade frontend interfaces with high design quality. Use this skill when the user asks to ",,,,,
431,interaction-design,DESIGN & UI,UI Dev,"Design and implement microinteractions, motion design, transitions, and user feedback patterns. Use when adding polish t",,,,,
432,theme-factory,DESIGN & UI,UI Dev,"Toolkit for styling artifacts with a theme. These artifacts can be slides, docs, reportings, HTML landing pages, etc. Th",,,,,
433,ui-ux-pro-max,DESIGN & UI,UI Dev,"UI/UX design intelligence for web and mobile. Includes 50+ styles, 161 color palettes, 57 font pairings, 161 product typ",,,,,
434,web-artifacts-builder,DESIGN & UI,UI Dev,"Suite of tools for creating elaborate, multi-component claude.ai HTML artifacts using modern frontend web technologies (",,,,,
435,web-design-guidelines,DESIGN & UI,UI Dev,"Review UI code for Web Interface Guidelines compliance. Use when asked to ""review my UI"", ""check accessibility"", ""audit ",,,,,
436,data-storytelling,DATA & ANALYTICS,BI,"Transform data into compelling narratives using visualization, context, and persuasive structure. Use when presenting an",,,,,
437,fabric-lakehouse,DATA & ANALYTICS,BI,'Use this skill to get context about Fabric Lakehouse and its features for software systems and AI-powered functions. It,,,,,
438,kpi-dashboard-design,DATA & ANALYTICS,BI,"Design effective KPI dashboards with metrics selection, visualization best practices, and real-time monitoring patterns.",,,,,
439,power-bi-dax-optimization,DATA & ANALYTICS,BI,"'Comprehensive Power BI DAX formula optimization prompt for improving performance, readability, and maintainability of D",,,,,
440,power-bi-model-design-review,DATA & ANALYTICS,BI,"'Comprehensive Power BI data model design review prompt for evaluating model architecture, relationships, and optimizati",,,,,
441,power-bi-performance-troubleshooting,DATA & ANALYTICS,BI,"'Systematic Power BI performance troubleshooting prompt for identifying, diagnosing, and resolving performance issues in",,,,,
442,power-bi-report-design-consultation,DATA & ANALYTICS,BI,"'Power BI report visualization design prompt for creating effective, user-friendly, and accessible reports with optimal ",,,,,
443,powerbi-modeling,DATA & ANALYTICS,BI,Sum of all sales amounts,,,,,
444,data-quality-frameworks,DATA & ANALYTICS,Data Science,"Implement data quality validation with Great Expectations, dbt tests, and data contracts. Use when building data quality",,,,,
445,datanalysis-credit-risk,DATA & ANALYTICS,Data Science,Credit risk data cleaning and variable screening pipeline for pre-loan modeling. Use when working with raw credit data t,,,,,
446,market-sizing-analysis,DATA & ANALYTICS,Data Science,"Calculate TAM/SAM/SOM for market opportunities using top-down, bottom-up, and value theory methodologies. Use this skill",,,,,
447,startup-financial-modeling,DATA & ANALYTICS,Data Science,"Build comprehensive 3-5 year financial models with revenue projections, cost structures, cash flow analysis, and scenari",,,,,
448,startup-metrics-framework,DATA & ANALYTICS,Data Science,"Track, calculate, and optimize key performance metrics for SaaS, marketplace, consumer, and B2B startups from seed throu",,,,,
449,cosmosdb-datamodeling,DATA & ANALYTICS,Database,'Step-by-step guide for capturing key application requirements for NoSQL use-case and produce Azure Cosmos DB Data NoSQL,,,,,
450,ef-core,DATA & ANALYTICS,Database,'Get best practices for Entity Framework Core',,,,,
451,postgresql-code-review,DATA & ANALYTICS,Database,"'PostgreSQL-specific code review assistant focusing on PostgreSQL best practices, anti-patterns, and unique quality stan",,,,,
452,postgresql-optimization,DATA & ANALYTICS,Database,"'PostgreSQL-specific development assistant focusing on unique PostgreSQL features, advanced data types, and PostgreSQL-e",,,,,
453,postgresql-table-design,DATA & ANALYTICS,Database,"Use this skill when designing or reviewing a PostgreSQL-specific schema. Covers best-practices, data types, indexing, co",,,,,
454,sql-code-review,DATA & ANALYTICS,Database,"'Universal SQL code review assistant that performs comprehensive security, maintainability, and code quality analysis ac",,,,,
455,sql-optimization,DATA & ANALYTICS,Database,"'Universal SQL performance optimization assistant for comprehensive query tuning, indexing strategies, and database perf",,,,,
456,sql-optimization-patterns,DATA & ANALYTICS,Database,"Master SQL query optimization, indexing strategies, and EXPLAIN analysis to dramatically improve database performance an",,,,,
457,supabase,DATA & ANALYTICS,Database,"Use when doing ANY task involving Supabase. Triggers: Supabase products (Database, Auth, Edge Functions, Realtime, Stora",,,,,
458,supabase-postgres-best-practices,DATA & ANALYTICS,Database,"Postgres performance optimization and best practices from Supabase. Use this skill when writing, reviewing, or optimizin",,,,,
459,dataverse-python-advanced-patterns,DATA & ANALYTICS,Dataverse,"'Generate production code for Dataverse SDK using advanced patterns, error handling, and optimization techniques.'",,,,,
460,dataverse-python-production-code,DATA & ANALYTICS,Dataverse,"'Generate production-ready Python code using Dataverse SDK with error handling, optimization, and best practices'",,,,,
461,dataverse-python-quickstart,DATA & ANALYTICS,Dataverse,'Generate Python SDK setup + CRUD + bulk + paging snippets using official patterns.',,,,,
462,dataverse-python-usecase-builder,DATA & ANALYTICS,Dataverse,'Generate complete solutions for specific Dataverse SDK use cases with architecture recommendations',,,,,
463,airflow-dag-patterns,DATA & ANALYTICS,Pipeline,"Build production Apache Airflow DAGs with best practices for operators, sensors, testing, and deployment. Use when creat",,,,,
464,bigquery-pipeline-audit,DATA & ANALYTICS,Pipeline,"'Audits Python + BigQuery pipelines for cost safety, idempotency, and production readiness. Returns a structured report ",,,,,
465,dbt-transformation-patterns,DATA & ANALYTICS,Pipeline,"Master dbt (data build tool) for analytics engineering with model organization, testing, documentation, and incremental ",,,,,
466,ml-pipeline-workflow,DATA & ANALYTICS,Pipeline,"Build end-to-end MLOps pipelines from data preparation through model training, validation, and production deployment. Us",,,,,
467,spark-optimization,DATA & ANALYTICS,Pipeline,"Optimize Apache Spark jobs with partitioning, caching, shuffle optimization, and memory tuning. Use when improving Spark",,,,,
468,gdpr-compliant,SECURITY,AppSec,"'Apply GDPR-compliant engineering practices across your codebase. Use this skill whenever you are designing APIs, writin",,,,,
469,gdpr-data-handling,SECURITY,AppSec,"Implement GDPR-compliant data handling with consent management, data subject rights, and privacy by design. Use when bui",,,,,
470,openclaw-secure-linux-cloud,SECURITY,AppSec,"Use when self-hosting OpenClaw on a cloud server, hardening a remote OpenClaw gateway, choosing between SSH tunneling, T",,,,,
471,pci-compliance,SECURITY,AppSec,Implement PCI DSS compliance requirements for secure handling of payment card data and payment systems. Use when securin,,,,,
472,secure-linux-web-hosting,SECURITY,AppSec,"Use when setting up, hardening, or reviewing a cloud server for self-hosting, including DNS, SSH, firewalls, Nginx, stat",,,,,
473,security-review,SECURITY,AppSec,"'AI-powered codebase security scanner that reasons about code like a security researcher — tracing data flows, understan",,,,,
474,defi-protocol-templates,SECURITY,Blockchain/Web3,"Implement DeFi protocols with production-ready templates for staking, AMMs, governance, and lending systems. Use when bu",,,,,
475,nft-standards,SECURITY,Blockchain/Web3,"Implement NFT standards (ERC-721, ERC-1155) with proper metadata handling, minting strategies, and marketplace integrati",,,,,
476,solidity-security,SECURITY,Blockchain/Web3,Master smart contract security best practices to prevent common vulnerabilities and implement secure Solidity patterns. ,,,,,
477,web3-testing,SECURITY,Blockchain/Web3,"Test smart contracts comprehensively using Hardhat and Foundry with unit tests, integration tests, and mainnet forking. ",,,,,
478,attack-tree-construction,SECURITY,Threat Model,"Build comprehensive attack trees to visualize threat paths. Use when mapping attack scenarios, identifying defense gaps,",,,,,
479,security-requirement-extraction,SECURITY,Threat Model,Derive security requirements from threat models and business context. Use when translating threats into actionable requi,,,,,
480,stride-analysis-patterns,SECURITY,Threat Model,"Apply STRIDE methodology to systematically identify threats. Use when analyzing system security, conducting threat model",,,,,
481,threat-mitigation-mapping,SECURITY,Threat Model,"Map identified threats to appropriate security controls and mitigations. Use when prioritizing security investments, cre",,,,,
482,threat-model-analyst,SECURITY,Threat Model,'Full STRIDE-A threat model analysis and incremental update skill for repositories and systems. Supports two modes: (1) ,,,,,
483,aspire,MICROSOFT ECOSYSTEM,.NET/C#,"'Aspire skill covering the Aspire CLI, AppHost orchestration, service discovery, integrations, MCP server, VS Code exten",,,,,
484,csharp-docs,MICROSOFT ECOSYSTEM,.NET/C#,'Ensure that C# types are documented with XML comments and follow best practices for documentation.',,,,,
485,dotnet-best-practices,MICROSOFT ECOSYSTEM,.NET/C#,'Ensure .NET/C# code meets best practices for the solution/project.',,,,,
486,dotnet-design-pattern-review,MICROSOFT ECOSYSTEM,.NET/C#,'Review the C#/.NET code for design pattern implementation and suggest improvements.',,,,,
487,dotnet-timezone,MICROSOFT ECOSYSTEM,.NET/C#,"'.NET timezone handling guidance for C# applications. Use when working with TimeZoneInfo, DateTimeOffset, NodaTime, UTC ",,,,,
488,fluentui-blazor,MICROSOFT ECOSYSTEM,.NET/C#,>,,,,,
489,nuget-manager,MICROSOFT ECOSYSTEM,.NET/C#,"'Manage NuGet packages in .NET projects/solutions. Use this skill when adding, removing, or updating NuGet package versi",,,,,
490,microsoft-code-reference,MICROSOFT ECOSYSTEM,Altro,"Look up Microsoft API references, find working code samples, and verify SDK code is correct. Use when working with Azure",,,,,
491,microsoft-docs,MICROSOFT ECOSYSTEM,Altro,"'Query official Microsoft documentation to find concepts, tutorials, and code examples across Azure, .NET, Agent Framewo",,,,,
492,appinsights-instrumentation,MICROSOFT ECOSYSTEM,Azure,'Instrument a webapp to send useful telemetry data to Azure App Insights',,,,,
493,cli-mastery,MICROSOFT ECOSYSTEM,Copilot CLI,"'Interactive training for the GitHub Copilot CLI. Guided lessons, quizzes, scenario challenges, and a full reference cov",,,,,
494,copilot-cli-quickstart,MICROSOFT ECOSYSTEM,Copilot CLI,>,,,,,
495,copilot-usage-metrics,MICROSOFT ECOSYSTEM,Copilot CLI,Retrieve and display GitHub Copilot usage metrics for organizations and enterprises using the GitHub CLI and REST API.,,,,,
496,noob-mode,MICROSOFT ECOSYSTEM,Copilot CLI,"'Plain-English translation layer for non-technical Copilot CLI users. Translates every approval prompt, error message, a",,,,,
497,entra-agent-user,MICROSOFT ECOSYSTEM,Entra ID,"'Create Agent Users in Microsoft Entra ID from Agent Identities, enabling AI agents to act as digital workers with user ",,,,,
498,mcp-create-adaptive-cards,MICROSOFT ECOSYSTEM,M365 Copilot,'Skill converted from mcp-create-adaptive-cards.prompt.md',,,,,
499,mcp-create-declarative-agent,MICROSOFT ECOSYSTEM,M365 Copilot,'Skill converted from mcp-create-declarative-agent.prompt.md',,,,,
500,mcp-deploy-manage-agents,MICROSOFT ECOSYSTEM,M365 Copilot,'Skill converted from mcp-deploy-manage-agents.prompt.md',,,,,
501,typespec-api-operations,MICROSOFT ECOSYSTEM,M365 Copilot,"'Add GET, POST, PATCH, and DELETE operations to a TypeSpec API plugin with proper routing, parameters, and adaptive card",,,,,
502,typespec-create-agent,MICROSOFT ECOSYSTEM,M365 Copilot,[Agent Description],,,,,
503,typespec-create-api-plugin,MICROSOFT ECOSYSTEM,M365 Copilot,[Description],,,,,
504,flowstudio-power-automate-build,MICROSOFT ECOSYSTEM,Power Platform,>-,,,,,
505,flowstudio-power-automate-debug,MICROSOFT ECOSYSTEM,Power Platform,>-,,,,,
506,flowstudio-power-automate-governance,MICROSOFT ECOSYSTEM,Power Platform,>-,,,,,
507,flowstudio-power-automate-mcp,MICROSOFT ECOSYSTEM,Power Platform,>-,,,,,
508,flowstudio-power-automate-monitoring,MICROSOFT ECOSYSTEM,Power Platform,>-,,,,,
509,power-apps-code-app-scaffold,MICROSOFT ECOSYSTEM,Power Platform,"'Scaffold a complete Power Apps Code App project with PAC CLI setup, SDK integration, and connector configuration'",,,,,
510,power-platform-mcp-connector-suite,MICROSOFT ECOSYSTEM,Power Platform,"'Generate complete Power Platform custom connector with MCP integration for Copilot Studio - includes schema generation,",,,,,
511,electron,MICROSOFT ECOSYSTEM,Windows,"Automate Electron desktop apps (VS Code, Slack, Discord, Figma, Notion, Spotify, etc.) using agent-browser via Chrome De",,,,,
512,msstore-cli,MICROSOFT ECOSYSTEM,Windows,'Microsoft Store Developer CLI (msstore) for publishing Windows applications to the Microsoft Store. Use when asked to c,,,,,
513,winapp-cli,MICROSOFT ECOSYSTEM,Windows,"'Windows App Development CLI (winapp) for building, packaging, and deploying Windows applications. Use when asked to ini",,,,,
514,winmd-api-search,MICROSOFT ECOSYSTEM,Windows,"'Find and explore Windows desktop APIs. Use when building features that need platform capabilities — camera, file access",,,,,
515,winui3-migration-guide,MICROSOFT ECOSYSTEM,Windows,'UWP-to-WinUI 3 migration reference. Maps legacy UWP APIs to correct Windows App SDK equivalents with before/after code ,,,,,
516,create-github-action-workflow-specification,PROJECT & DOCS,Altro,"'Create a formal specification for an existing GitHub Actions CI/CD workflow, optimized for AI consumption and workflow ",,,,,
517,architecture-blueprint-generator,PROJECT & DOCS,Diagrams,'Comprehensive project architecture blueprint generator that analyzes codebases to create detailed architectural documen,,,,,
518,code-exemplars-blueprint-generator,PROJECT & DOCS,Diagrams,'Technology-agnostic prompt generator that creates customizable AI prompts for scanning codebases and identifying high-q,,,,,
519,draw-io-diagram-generator,PROJECT & DOCS,Diagrams,"Use when creating, editing, or generating draw.io diagram files (.drawio, .drawio.svg, .drawio.png). Covers mxGraph XML ",,,,,
520,folder-structure-blueprint-generator,PROJECT & DOCS,Diagrams,'Comprehensive technology-agnostic prompt for analyzing and documenting project folder structures. Auto-detects project ,,,,,
521,plantuml-ascii,PROJECT & DOCS,Diagrams,"Generate ASCII art diagrams using PlantUML text mode. Use when user asks to create ASCII diagrams, text-based diagrams, ",,,,,
522,project-workflow-analysis-blueprint-generator,PROJECT & DOCS,Diagrams,'Comprehensive technology-agnostic prompt generator for documenting end-to-end application workflows. Automatically dete,,,,,
523,readme-blueprint-generator,PROJECT & DOCS,Diagrams,'Intelligent README.md generation prompt that analyzes project documentation structure and creates comprehensive reposit,,,,,
524,technology-stack-blueprint-generator,PROJECT & DOCS,Diagrams,'Comprehensive technology stack blueprint generator that analyzes codebases to create detailed architectural documentati,,,,,
525,add-educational-comments,PROJECT & DOCS,Documentation,"'Add educational comments to the file specified, or prompt asking for file to comment if one is not provided.'",,,,,
526,architecture-decision-records,PROJECT & DOCS,Documentation,Write and maintain Architecture Decision Records (ADRs) following best practices for technical decision documentation. U,,,,,
527,create-architectural-decision-record,PROJECT & DOCS,Documentation,'Create an Architectural Decision Record (ADR) document for AI-optimized decision documentation.',,,,,
528,create-llms,PROJECT & DOCS,Documentation,'Create an llms.txt file from scratch based on repository structure following the llms.txt specification at https://llms,,,,,
529,create-readme,PROJECT & DOCS,Documentation,'Create a README.md file for the project',,,,,
530,create-tldr-page,PROJECT & DOCS,Documentation,"'Create a tldr page from documentation URLs and command examples, requiring both URL and command name.'",,,,,
531,doc-coauthoring,PROJECT & DOCS,Documentation,"Guide users through a structured workflow for co-authoring documentation. Use when user wants to write documentation, pr",,,,,
532,documentation-writer,PROJECT & DOCS,Documentation,"'Diátaxis Documentation Expert. An expert technical writer specializing in creating high-quality software documentation,",,,,,
533,hads,PROJECT & DOCS,Documentation,"Use when writing technical documentation that needs to be readable by both humans and AI models, converting existing doc",,,,,
534,java-docs,PROJECT & DOCS,Documentation,'Ensure that Java types are documented with Javadoc comments and follow best practices for documentation.',,,,,
535,mkdocs-translations,PROJECT & DOCS,Documentation,'Generate a language translation for a mkdocs documentation stack.',,,,,
536,oo-component-documentation,PROJECT & DOCS,Documentation,'Create or update standardized object-oriented component documentation using a shared template plus mode-specific guidan,,,,,
537,readme-i18n,PROJECT & DOCS,Documentation,"Use when the user wants to translate a repository README, make a repo multilingual, localize docs, add a language switch",,,,,
538,tldr-prompt,PROJECT & DOCS,Documentation,"'Create tldr summaries for GitHub Copilot files (prompts, agents, instructions, collections), MCP servers, or documentat",,,,,
539,update-llms,PROJECT & DOCS,Documentation,'Update the llms.txt file in the root folder to reflect changes in documentation or specifications following the llms.tx,,,,,
540,changelog-automation,PROJECT & DOCS,Git/GitHub,Release type,,,,,
541,conventional-commit,PROJECT & DOCS,Git/GitHub,'Prompt and workflow for generating conventional commit messages using a structured XML format. Guides users to create s,,,,,
542,create-github-issue-feature-from-specification,PROJECT & DOCS,Git/GitHub,'Create GitHub Issue for feature request from specification file using feature_request.yml template.',,,,,
543,create-github-issues-feature-from-implementation-plan,PROJECT & DOCS,Git/GitHub,'Create GitHub Issues from implementation plan phases using feature_request.yml or chore_request.yml templates.',,,,,
544,create-github-issues-for-unmet-specification-requirements,PROJECT & DOCS,Git/GitHub,'Create GitHub Issues for unimplemented requirements from specification files using feature_request.yml template.',,,,,
545,create-github-pull-request-from-specification,PROJECT & DOCS,Git/GitHub,'Create GitHub Pull Request for feature request from specification file using pull_request_template.md template.',,,,,
546,finishing-a-development-branch,PROJECT & DOCS,Git/GitHub,"Use when implementation is complete, all tests pass, and you need to decide how to integrate the work - guides completio",,,,,
547,gen-specs-as-issues,PROJECT & DOCS,Git/GitHub,"'This workflow guides you through a systematic approach to identify missing features, prioritize them, and create detail",,,,,
548,gh-cli,PROJECT & DOCS,Git/GitHub,"GitHub CLI (gh) comprehensive reference for repositories, issues, pull requests, Actions, projects, releases, gists, cod",,,,,
549,git-advanced-workflows,PROJECT & DOCS,Git/GitHub,"Master advanced Git workflows including rebasing, cherry-picking, bisect, worktrees, and reflog to maintain clean histor",,,,,
550,git-commit,PROJECT & DOCS,Git/GitHub,"'Execute git commit with conventional commit message analysis, intelligent staging, and message generation. Use when use",,,,,
551,git-flow-branch-creator,PROJECT & DOCS,Git/GitHub,'Intelligent Git Flow branch creator that analyzes git status/diff and creates appropriate branches following the nvie G,,,,,
552,github-issues,PROJECT & DOCS,Git/GitHub,"'Create, update, and manage GitHub issues using MCP tools. Use this skill when users want to create bug reports, feature",,,,,
553,issue-fields-migration,PROJECT & DOCS,Git/GitHub,'Bulk-migrate metadata to GitHub issue fields from two sources: repo labels (e.g. priority labels to a Priority field) a,,,,,
554,make-repo-contribution,PROJECT & DOCS,Git/GitHub,"'All changes to code must follow the guidance documented in the repository. Before any issue is filed, branch is made, c",,,,,
555,my-issues,PROJECT & DOCS,Git/GitHub,'List my issues in the current repository',,,,,
556,my-pull-requests,PROJECT & DOCS,Git/GitHub,'List my pull requests in the current repository',,,,,
557,repo-story-time,PROJECT & DOCS,Git/GitHub,'Generate a comprehensive repository summary and narrative story from commit history',,,,,
558,boost-prompt,PROJECT & DOCS,Project Execution,"'Interactive prompt refinement workflow: interrogates scope, deliverables, constraints; copies final markdown to clipboa",,,,,
559,brainstorming,PROJECT & DOCS,Project Execution,"You MUST use this before any creative work - creating features, building components, adding functionality, or modifying ",,,,,
560,context-driven-development,PROJECT & DOCS,Project Execution,>-,,,,,
561,context-map,PROJECT & DOCS,Project Execution,'Generate a map of all files relevant to a task before making changes',,,,,
562,executing-plans,PROJECT & DOCS,Project Execution,Use when you have a written implementation plan to execute in a separate session with review checkpoints,,,,,
563,first-ask,PROJECT & DOCS,Project Execution,"'Interactive, input-tool powered, task refinement workflow: interrogates scope, deliverables, constraints before carryin",,,,,
564,refactor-plan,PROJECT & DOCS,Project Execution,'Plan a multi-file refactor with proper sequencing and rollback steps',,,,,
565,test-driven-development,PROJECT & DOCS,Project Execution,"Use when implementing any feature or bugfix, before writing implementation code",,,,,
566,track-management,PROJECT & DOCS,Project Execution,"Use this skill when creating, managing, or working with Conductor tracks - the logical work units for features, bugs, an",,,,,
567,using-git-worktrees,PROJECT & DOCS,Project Execution,Use when starting feature work that needs isolation from current workspace or before executing implementation plans - cr,,,,,
568,workflow-patterns,PROJECT & DOCS,Project Execution,"Use this skill when implementing tasks according to Conductor's TDD workflow, handling phase checkpoints, managing git c",,,,,
569,breakdown-epic-arch,PROJECT & DOCS,Specs & Plans,"'Prompt for creating the high-level technical architecture for an Epic, based on a Product Requirements Document.'",,,,,
570,breakdown-epic-pm,PROJECT & DOCS,Specs & Plans,'Prompt for creating an Epic Product Requirements Document (PRD) for a new epic. This PRD will be used as input for gene,,,,,
571,breakdown-feature-implementation,PROJECT & DOCS,Specs & Plans,"'Prompt for creating detailed feature implementation plans, following Epoch monorepo structure.'",,,,,
572,breakdown-feature-prd,PROJECT & DOCS,Specs & Plans,"'Prompt for creating Product Requirements Documents (PRDs) for new features, based on an Epic.'",,,,,
573,breakdown-plan,PROJECT & DOCS,Specs & Plans,'Issue Planning and Automation prompt that generates comprehensive project plans with Epic > Feature > Story/Enabler > T,,,,,
574,breakdown-test,PROJECT & DOCS,Specs & Plans,"'Test Planning and Quality Assurance prompt that generates comprehensive test strategies, task breakdowns, and quality v",,,,,
575,create-implementation-plan,PROJECT & DOCS,Specs & Plans,"'Create a new implementation plan file for new features, refactoring existing code or upgrading packages, design, archit",,,,,
576,create-specification,PROJECT & DOCS,Specs & Plans,"'Create a new specification file for the solution, optimized for Generative AI consumption.'",,,,,
577,create-technical-spike,PROJECT & DOCS,Specs & Plans,'Create time-boxed technical spike documents for researching and resolving critical development decisions before impleme,,,,,
578,prd,PROJECT & DOCS,Specs & Plans,'Generate high-quality Product Requirements Documents (PRDs) for software systems and AI-powered features. Includes exec,,,,,
579,update-implementation-plan,PROJECT & DOCS,Specs & Plans,"'Update an existing implementation plan file with new or update requirements to provide new features, refactoring existi",,,,,
580,update-specification,PROJECT & DOCS,Specs & Plans,"'Update an existing specification file for the solution, optimized for Generative AI consumption based on new requiremen",,,,,
581,writing-plans,PROJECT & DOCS,Specs & Plans,"Use when you have a spec or requirements for a multi-step task, before touching code",,,,,
